"operator","inout_travelling","network_type","rating","calldrop_category","latitude","longitude","state_name"
"RJio","Outdoor","Unknown","5","Satisfactory","-1","-1","NA"
"VI","Indoor","4G","5","Satisfactory","24.761262","78.83374644","Madhya Pradesh"
"VI","Indoor","4G","5","Satisfactory","24.761262","78.83374644","Madhya Pradesh"
"RJio","Outdoor","4G","5","Satisfactory","25.50989833","86.942385","Bihar"
"VI","Indoor","4G","5","Satisfactory","24.76614471","78.83387703","Madhya Pradesh"
"BSNL","Indoor","3G","1","Poor Voice Quality","29.3931049","79.4411315","Uttarakhand"
"RJio","Travelling","4G","4","Satisfactory","25.510715","86.94351333","Bihar"
"VI","Indoor","4G","5","Satisfactory","18.4790383","74.0267125","Maharashtra"
"RJio","Outdoor","4G","5","Satisfactory","-1","-1","NA"
"RJio","Outdoor","4G","4","Satisfactory","25.52456167","86.97475833","Bihar"
"Airtel","Indoor","Unknown","5","Satisfactory","12.9360969","77.6947098","Karnataka"
"RJio","Outdoor","4G","1","Poor Voice Quality","-1","-1","NA"
"VI","Indoor","3G","1","Call Dropped","26.55173","92.93492","Assam"
"RJio","Indoor","Unknown","3","Satisfactory","18.9520392","72.8296757","Maharashtra"
"VI","Indoor","4G","5","Satisfactory","24.7726147","78.83306273","Madhya Pradesh"
"Airtel","Indoor","2G","5","Satisfactory","12.9360795","77.6947038","Karnataka"
"VI","Indoor","4G","5","Satisfactory","24.7726147","78.83306273","Madhya Pradesh"
"RJio","Outdoor","4G","2","Poor Voice Quality","-1","-1","NA"
"VI","Indoor","4G","5","Satisfactory","24.7726147","78.83306273","Madhya Pradesh"
"RJio","Indoor","4G","5","Satisfactory","-1","-1","NA"
"RJio","Indoor","4G","2","Call Dropped","28.35756785","79.45708901","Uttar Pradesh"
"RJio","Outdoor","4G","2","Poor Voice Quality","-1","-1","NA"
"RJio","Outdoor","4G","4","Satisfactory","25.51053333","86.94263167","Bihar"
"RJio","Outdoor","4G","4","Satisfactory","25.51054167","86.94266333","Bihar"
"Airtel","Indoor","4G","1","Poor Voice Quality","24.63433912","78.29454733","Uttar Pradesh"
"RJio","Indoor","4G","1","Poor Voice Quality","-1","-1","NA"
"RJio","Outdoor","4G","4","Satisfactory","25.50978833","86.93922833","Bihar"
"Airtel","Indoor","Unknown","4","Satisfactory","12.94144236","77.69656339","Karnataka"
"VI","Indoor","4G","5","Satisfactory","24.7617867","78.8340039","Madhya Pradesh"
"VI","Indoor","4G","5","Satisfactory","24.7617867","78.8340039","Madhya Pradesh"
"VI","Indoor","4G","5","Satisfactory","24.7617878","78.8340005","Madhya Pradesh"
"Airtel","Indoor","Unknown","4","Satisfactory","12.94144236","77.69656339","Karnataka"
"RJio","Indoor","4G","4","Satisfactory","25.50955167","86.94216667","Bihar"
"RJio","Indoor","4G","5","Satisfactory","25.50955167","86.94216667","Bihar"
"BSNL","Indoor","3G","4","Satisfactory","-1","-1","NA"
"BSNL","Indoor","3G","4","Satisfactory","-1","-1","NA"
"VI","Indoor","3G","4","Satisfactory","21.12180269","79.06359007","Maharashtra"
"VI","Indoor","4G","5","Satisfactory","24.7617874","78.8339994","Madhya Pradesh"
"RJio","Outdoor","4G","5","Satisfactory","-1","-1","NA"
"RJio","Outdoor","4G","5","Satisfactory","-1","-1","NA"
"RJio","Outdoor","4G","5","Satisfactory","-1","-1","NA"
"RJio","Travelling","4G","5","Satisfactory","-1","-1","NA"
"VI","Indoor","4G","5","Satisfactory","24.7617335","78.8339459","Madhya Pradesh"
"VI","Indoor","4G","5","Satisfactory","24.7617871","78.8340135","Madhya Pradesh"
"VI","Indoor","4G","5","Satisfactory","24.7617871","78.8340135","Madhya Pradesh"
"VI","Indoor","4G","5","Satisfactory","24.7617871","78.8340135","Madhya Pradesh"
"RJio","Indoor","4G","5","Satisfactory","15.86886833","74.50766167","Karnataka"
"VI","Indoor","4G","5","Satisfactory","24.7617851","78.8340092","Madhya Pradesh"
"RJio","Travelling","4G","1","Poor Voice Quality","-1","-1","NA"
"Airtel","Outdoor","4G","1","Poor Voice Quality","-1","-1","NA"
"RJio","Indoor","4G","1","Call Dropped","-1","-1","NA"
"RJio","Indoor","4G","1","Call Dropped","-1","-1","NA"
"RJio","Indoor","4G","1","Call Dropped","28.7438644","77.0763202","Delhi"
"RJio","Indoor","4G","1","Poor Voice Quality","-1","-1","NA"
"RJio","Indoor","4G","1","Call Dropped","-1","-1","NA"
"RJio","Indoor","4G","1","Call Dropped","-1","-1","NA"
"RJio","Indoor","4G","1","Call Dropped","28.74380172","77.0764162","Delhi"
"RJio","Indoor","4G","1","Call Dropped","28.74380172","77.0764162","Delhi"
"RJio","Indoor","4G","1","Poor Voice Quality","28.74379617","77.07611375","Delhi"
"RJio","Indoor","4G","2","Poor Voice Quality","-1","-1","NA"
"BSNL","Indoor","3G","3","Satisfactory","-1","-1","NA"
"VI","Indoor","Unknown","1","Call Dropped","19.21330568","72.82394164","Maharashtra"
"RJio","Indoor","4G","5","Satisfactory","15.86886833","74.50766167","Karnataka"
"RJio","Indoor","4G","5","Satisfactory","-1","-1","NA"
"BSNL","Indoor","3G","4","Satisfactory","-1","-1","NA"
"VI","Indoor","4G","5","Satisfactory","-1","-1","NA"
"RJio","Travelling","4G","4","Satisfactory","25.51024667","86.94204333","Bihar"
"RJio","Indoor","4G","1","Poor Voice Quality","-1","-1","NA"
"RJio","Outdoor","4G","1","Call Dropped","-1","-1","NA"
"RJio","Indoor","4G","2","Poor Voice Quality","-1","-1","NA"
"Airtel","Travelling","Unknown","1","Call Dropped","21.18142255","72.80278171","Gujarat"
"RJio","Indoor","4G","4","Satisfactory","-1","-1","NA"
"RJio","Indoor","4G","2","Poor Voice Quality","-1","-1","NA"
"VI","Outdoor","Unknown","5","Satisfactory","19.07120591","72.99692759","Maharashtra"
"VI","Travelling","3G","4","Satisfactory","21.14057817","79.06009214","Maharashtra"
"RJio","Travelling","4G","3","Satisfactory","22.33505833","88.57407333","West Bengal"
"RJio","Indoor","4G","3","Poor Voice Quality","-1","-1","NA"
"RJio","Travelling","4G","1","Poor Voice Quality","18.9776241","72.8477822","Maharashtra"
"RJio","Indoor","4G","5","Satisfactory","18.94868838","72.82003291","Maharashtra"
"RJio","Outdoor","Unknown","5","Satisfactory","-1","-1","NA"
"RJio","Outdoor","4G","3","Poor Voice Quality","-1","-1","NA"
"RJio","Indoor","Unknown","5","Satisfactory","-1","-1","NA"
"RJio","Outdoor","4G","4","Satisfactory","25.51037833","86.94238333","Bihar"
"BSNL","Indoor","3G","1","Poor Voice Quality","29.3937137","79.4400547","Uttarakhand"
"RJio","Outdoor","Unknown","5","Satisfactory","-1","-1","NA"
"VI","Indoor","4G","5","Satisfactory","18.4790416","74.0267122","Maharashtra"
"Airtel","Indoor","4G","1","Poor Voice Quality","18.4520625","73.8514047","Maharashtra"
"RJio","Outdoor","4G","4","Satisfactory","25.51031333","86.94241167","Bihar"
"RJio","Outdoor","4G","2","Poor Voice Quality","-1","-1","NA"
"RJio","Outdoor","4G","2","Poor Voice Quality","-1","-1","NA"
"RJio","Indoor","4G","1","Poor Voice Quality","18.9548746","72.8013549","Maharashtra"
"RJio","Indoor","4G","1","Call Dropped","-1","-1","NA"
"Airtel","Indoor","Unknown","1","Poor Voice Quality","21.14436375","72.76545136","Gujarat"
"RJio","Outdoor","4G","5","Satisfactory","-1","-1","NA"
"RJio","Indoor","4G","5","Satisfactory","15.86886833","74.50766167","Karnataka"
"RJio","Indoor","4G","1","Poor Voice Quality","-1","-1","NA"
"RJio","Indoor","4G","2","Call Dropped","28.63838213","77.28962152","Delhi"
"Airtel","Indoor","2G","4","Satisfactory","12.9360771","77.6946996","Karnataka"
"Airtel","Indoor","Unknown","5","Satisfactory","12.9361087","77.6946996","Karnataka"
"Airtel","Indoor","4G","1","Poor Voice Quality","-1","-1","NA"
"Airtel","Indoor","4G","1","Poor Voice Quality","-1","-1","NA"
"RJio","Outdoor","Unknown","5","Satisfactory","-1","-1","NA"
"RJio","Outdoor","Unknown","5","Satisfactory","-1","-1","NA"
"Airtel","Indoor","2G","5","Satisfactory","12.93611","77.6947144","Karnataka"
"RJio","Outdoor","4G","4","Satisfactory","25.50997333","86.94251","Bihar"
"RJio","Indoor","4G","1","Call Dropped","-1","-1","NA"
"RJio","Outdoor","4G","5","Satisfactory","-1","-1","NA"
"RJio","Indoor","4G","5","Satisfactory","-1","-1","NA"
"RJio","Outdoor","4G","5","Satisfactory","-1","-1","NA"
"VI","Indoor","3G","4","Satisfactory","21.10355242","79.06816423","Maharashtra"
"Airtel","Travelling","4G","5","Satisfactory","13.77112525","75.7463574","Karnataka"
"VI","Indoor","4G","5","Satisfactory","24.761773","78.83387075","Madhya Pradesh"
"RJio","Outdoor","4G","5","Satisfactory","-1","-1","NA"
"RJio","Outdoor","4G","5","Satisfactory","-1","-1","NA"
"RJio","Indoor","4G","1","Call Dropped","-1","-1","NA"
"VI","Indoor","2G","5","Satisfactory","24.1658139","78.74865697","Madhya Pradesh"
"VI","Travelling","4G","5","Satisfactory","23.85622429","78.70419843","Madhya Pradesh"
"VI","Travelling","4G","5","Satisfactory","23.83643776","78.70480696","Madhya Pradesh"
"Airtel","Indoor","Unknown","5","Satisfactory","13.78077321","75.74150572","Karnataka"
"VI","Travelling","4G","5","Satisfactory","23.79507441","78.40015789","Madhya Pradesh"
"Airtel","Outdoor","Unknown","5","Satisfactory","13.93696028","75.54820731","Karnataka"
"VI","Travelling","4G","5","Satisfactory","23.79507441","78.40015789","Madhya Pradesh"
"Airtel","Outdoor","4G","1","Call Dropped","-1","-1","NA"
"Airtel","Outdoor","Unknown","1","Call Dropped","-1","-1","NA"
"Airtel","Outdoor","Unknown","1","Call Dropped","-1","-1","NA"
"Airtel","Outdoor","Unknown","1","Call Dropped","-1","-1","NA"
"Airtel","Indoor","4G","1","Poor Voice Quality","-1","-1","NA"
"Airtel","Indoor","4G","4","Satisfactory","14.00182359","75.78219523","Karnataka"
"Airtel","Indoor","Unknown","1","Poor Voice Quality","18.44200303","73.84851465","Maharashtra"
"VI","Indoor","4G","5","Satisfactory","23.79507441","78.40015789","Madhya Pradesh"
"RJio","Indoor","4G","1","Call Dropped","-1","-1","NA"
"RJio","Outdoor","4G","2","Poor Voice Quality","-1","-1","NA"
"Airtel","Indoor","4G","1","Poor Voice Quality","18.44200303","73.84851465","Maharashtra"
"RJio","Outdoor","4G","2","Poor Voice Quality","-1","-1","NA"
"RJio","Outdoor","4G","2","Poor Voice Quality","-1","-1","NA"
"RJio","Outdoor","4G","2","Poor Voice Quality","-1","-1","NA"
"RJio","Outdoor","4G","2","Poor Voice Quality","-1","-1","NA"
"RJio","Indoor","4G","5","Satisfactory","15.87202667","74.50635167","Karnataka"
"Airtel","Indoor","3G","1","Poor Voice Quality","26.29017304","73.04493823","Rajasthan"
"Airtel","Indoor","Unknown","1","Poor Voice Quality","-1","-1","NA"
"RJio","Indoor","4G","5","Satisfactory","15.87202667","74.50635167","Karnataka"
"RJio","Outdoor","Unknown","5","Satisfactory","-1","-1","NA"
"RJio","Indoor","4G","5","Satisfactory","15.87202667","74.50635167","Karnataka"
"RJio","Outdoor","4G","5","Satisfactory","15.87202667","74.50635167","Karnataka"
"Airtel","Indoor","Unknown","5","Satisfactory","14.01397877","75.92713596","Karnataka"
"RJio","Travelling","4G","5","Satisfactory","-1","-1","NA"
"Airtel","Outdoor","4G","5","Satisfactory","14.02852797","75.93128306","Karnataka"
"VI","Indoor","4G","5","Satisfactory","23.79507441","78.40015789","Madhya Pradesh"
"RJio","Indoor","4G","5","Satisfactory","15.87288833","74.50779667","Karnataka"
"Airtel","Indoor","4G","4","Satisfactory","14.02770586","75.93185868","Karnataka"
"RJio","Outdoor","4G","4","Satisfactory","25.5091","86.94778333","Bihar"
"RJio","Travelling","4G","4","Satisfactory","25.5091","86.94778333","Bihar"
"RJio","Indoor","4G","1","Poor Voice Quality","24.811704","84.8399431","Bihar"
"RJio","Indoor","4G","1","Call Dropped","24.8240231","84.818116","Bihar"
"RJio","Indoor","4G","1","Poor Voice Quality","24.8110609","84.8462043","Bihar"
"VI","Indoor","4G","5","Satisfactory","23.79507441","78.40015789","Madhya Pradesh"
"RJio","Indoor","4G","5","Satisfactory","15.87288833","74.50779667","Karnataka"
"VI","Indoor","4G","5","Satisfactory","23.79507441","78.40015789","Madhya Pradesh"
"RJio","Outdoor","Unknown","5","Satisfactory","-1","-1","NA"
"RJio","Indoor","4G","2","Poor Voice Quality","-1","-1","NA"
"VI","Indoor","4G","3","Satisfactory","-1","-1","NA"
"RJio","Outdoor","4G","5","Satisfactory","-1","-1","NA"
"RJio","Outdoor","4G","5","Satisfactory","-1","-1","NA"
"RJio","Indoor","4G","4","Satisfactory","-1","-1","NA"
"RJio","Indoor","4G","4","Satisfactory","-1","-1","NA"
"VI","Indoor","3G","1","Call Dropped","-1","-1","NA"
"VI","Indoor","3G","1","Call Dropped","-1","-1","NA"
"VI","Indoor","3G","1","Call Dropped","-1","-1","NA"
"VI","Indoor","3G","1","Call Dropped","-1","-1","NA"
"VI","Indoor","3G","1","Call Dropped","-1","-1","NA"
"VI","Indoor","2G","1","Call Dropped","-1","-1","NA"
"VI","Indoor","3G","1","Call Dropped","-1","-1","NA"
"VI","Indoor","3G","1","Call Dropped","-1","-1","NA"
"VI","Indoor","3G","1","Call Dropped","-1","-1","NA"
"VI","Indoor","3G","1","Call Dropped","-1","-1","NA"
"VI","Indoor","3G","1","Call Dropped","-1","-1","NA"
"VI","Indoor","3G","1","Call Dropped","-1","-1","NA"
"VI","Indoor","3G","1","Call Dropped","-1","-1","NA"
"VI","Indoor","2G","1","Call Dropped","-1","-1","NA"
"VI","Indoor","2G","1","Call Dropped","-1","-1","NA"
"VI","Indoor","3G","1","Call Dropped","-1","-1","NA"
"VI","Indoor","3G","1","Call Dropped","-1","-1","NA"
"VI","Indoor","2G","1","Call Dropped","-1","-1","NA"
"VI","Indoor","3G","1","Call Dropped","-1","-1","NA"
"VI","Indoor","2G","1","Call Dropped","-1","-1","NA"
"VI","Indoor","2G","1","Call Dropped","-1","-1","NA"
"VI","Indoor","Unknown","1","Call Dropped","-1","-1","NA"
"VI","Indoor","Unknown","1","Call Dropped","-1","-1","NA"
"BSNL","Indoor","Unknown","1","Call Dropped","-1","-1","NA"
"BSNL","Indoor","3G","1","Call Dropped","-1","-1","NA"
"BSNL","Indoor","Unknown","1","Call Dropped","-1","-1","NA"
"BSNL","Indoor","2G","1","Call Dropped","-1","-1","NA"
"BSNL","Indoor","Unknown","1","Call Dropped","-1","-1","NA"
"BSNL","Indoor","2G","1","Call Dropped","-1","-1","NA"
"BSNL","Indoor","Unknown","1","Call Dropped","-1","-1","NA"
"BSNL","Indoor","2G","1","Call Dropped","-1","-1","NA"
"BSNL","Indoor","2G","1","Call Dropped","-1","-1","NA"
"BSNL","Indoor","Unknown","1","Call Dropped","-1","-1","NA"
"BSNL","Indoor","Unknown","1","Call Dropped","-1","-1","NA"
"BSNL","Indoor","2G","1","Call Dropped","-1","-1","NA"
"BSNL","Indoor","Unknown","1","Call Dropped","-1","-1","NA"
"BSNL","Indoor","2G","1","Call Dropped","-1","-1","NA"
"BSNL","Indoor","Unknown","1","Call Dropped","-1","-1","NA"
"BSNL","Outdoor","Unknown","1","Call Dropped","-1","-1","NA"
"BSNL","Indoor","3G","1","Call Dropped","-1","-1","NA"
"BSNL","Indoor","3G","1","Call Dropped","-1","-1","NA"
"BSNL","Indoor","3G","1","Call Dropped","-1","-1","NA"
"BSNL","Indoor","3G","1","Call Dropped","-1","-1","NA"
"BSNL","Indoor","3G","1","Call Dropped","-1","-1","NA"
"RJio","Indoor","4G","4","Satisfactory","-1","-1","NA"
"VI","Indoor","4G","5","Satisfactory","21.11130291","79.02434261","Maharashtra"
"RJio","Outdoor","4G","1","Call Dropped","-1","-1","NA"
"RJio","Outdoor","4G","2","Poor Voice Quality","-1","-1","NA"
"RJio","Indoor","4G","1","Call Dropped","26.22023763","85.09275943","Bihar"
"RJio","Outdoor","4G","1","Poor Voice Quality","26.2201238","85.09288991","Bihar"
"VI","Indoor","4G","3","Poor Voice Quality","-1","-1","NA"
"Airtel","Indoor","Unknown","1","Poor Voice Quality","-1","-1","NA"
"RJio","Outdoor","Unknown","5","Satisfactory","-1","-1","NA"
"VI","Outdoor","Unknown","3","Call Dropped","-1","-1","NA"
"BSNL","Indoor","3G","1","Poor Voice Quality","29.39311667","79.44196833","Uttarakhand"
"BSNL","Indoor","3G","1","Poor Voice Quality","29.39311667","79.44196833","Uttarakhand"
"RJio","Outdoor","4G","3","Satisfactory","25.51265833","86.9406","Bihar"
"VI","Indoor","4G","5","Satisfactory","23.79507441","78.40015789","Madhya Pradesh"
"Airtel","Indoor","2G","4","Satisfactory","13.93675314","75.54818579","Karnataka"
"RJio","Indoor","4G","1","Call Dropped","-1","-1","NA"
"VI","Indoor","4G","2","Call Dropped","-1","-1","NA"
"BSNL","Indoor","3G","1","Poor Voice Quality","29.39311667","79.44196833","Uttarakhand"
"RJio","Indoor","4G","1","Call Dropped","28.62490558","77.06500154","Delhi"
"VI","Indoor","4G","5","Satisfactory","23.79507441","78.40015789","Madhya Pradesh"
"Airtel","Indoor","4G","4","Satisfactory","13.93676928","75.54809496","Karnataka"
"RJio","Indoor","4G","5","Satisfactory","-1","-1","NA"
"RJio","Indoor","4G","3","Poor Voice Quality","28.62490558","77.06500154","Delhi"
"VI","Indoor","4G","5","Satisfactory","23.16378139","77.44595516","Madhya Pradesh"
"BSNL","Indoor","3G","1","Poor Voice Quality","29.39311667","79.44196833","Uttarakhand"
"Airtel","Indoor","4G","5","Satisfactory","13.9366447","75.5481709","Karnataka"
"RJio","Indoor","4G","1","Call Dropped","28.63835105","77.28955062","Delhi"
"BSNL","Indoor","3G","4","Satisfactory","-1","-1","NA"
"RJio","Outdoor","4G","5","Satisfactory","-1","-1","NA"
"RJio","Outdoor","Unknown","5","Satisfactory","-1","-1","NA"
"RJio","Outdoor","Unknown","5","Satisfactory","-1","-1","NA"
"RJio","Outdoor","4G","5","Satisfactory","-1","-1","NA"
"RJio","Indoor","4G","5","Satisfactory","15.8708507","74.5054283","Karnataka"
"VI","Indoor","4G","1","Poor Voice Quality","21.12342994","79.06811124","Maharashtra"
"Airtel","Indoor","Unknown","5","Satisfactory","13.93663901","75.54816726","Karnataka"
"BSNL","Indoor","3G","1","Poor Voice Quality","29.39371667","79.440085","Uttarakhand"
"Airtel","Travelling","4G","5","Satisfactory","-1","-1","NA"
"BSNL","Indoor","3G","1","Poor Voice Quality","29.39362333","79.44000833","Uttarakhand"
"BSNL","Indoor","3G","1","Poor Voice Quality","29.39362333","79.44000833","Uttarakhand"
"Airtel","Indoor","4G","4","Satisfactory","13.93672919","75.54817153","Karnataka"
"RJio","Indoor","4G","1","Call Dropped","-1","-1","NA"
"RJio","Indoor","4G","1","Poor Voice Quality","-1","-1","NA"
"BSNL","Indoor","3G","1","Poor Voice Quality","29.3924149","79.4494961","Uttarakhand"
"Airtel","Indoor","2G","5","Satisfactory","-1","-1","NA"
"RJio","Indoor","4G","5","Satisfactory","26.44673","85.19641","Bihar"
"RJio","Travelling","4G","3","Satisfactory","26.44671333","85.19641667","Bihar"
"VI","Indoor","4G","5","Satisfactory","21.14083952","79.06050859","Maharashtra"
"RJio","Outdoor","4G","4","Satisfactory","-1","-1","NA"
"BSNL","Travelling","4G","2","Poor Voice Quality","26.11062167","83.18539","Uttar Pradesh"
"BSNL","Outdoor","4G","1","Poor Voice Quality","-1","-1","NA"
"BSNL","Outdoor","Unknown","1","Poor Voice Quality","-1","-1","NA"
"RJio","Outdoor","Unknown","5","Satisfactory","-1","-1","NA"
"RJio","Outdoor","Unknown","5","Satisfactory","-1","-1","NA"
"BSNL","Indoor","3G","4","Satisfactory","-1","-1","NA"
"RJio","Outdoor","4G","4","Satisfactory","-1","-1","NA"
"BSNL","Outdoor","2G","1","Call Dropped","-1","-1","NA"
"BSNL","Outdoor","2G","1","Call Dropped","-1","-1","NA"
"BSNL","Indoor","2G","1","Call Dropped","-1","-1","NA"
"Airtel","Indoor","4G","5","Satisfactory","13.83440012","75.66232586","Karnataka"
"RJio","Outdoor","Unknown","5","Satisfactory","-1","-1","NA"
"Airtel","Indoor","4G","4","Satisfactory","13.83480169","75.66266087","Karnataka"
"RJio","Outdoor","4G","4","Satisfactory","25.50022167","86.94131167","Bihar"
"RJio","Outdoor","4G","4","Satisfactory","25.50022167","86.94131167","Bihar"
"RJio","Indoor","4G","2","Poor Voice Quality","28.63744434","77.28796206","Delhi"
"VI","Indoor","4G","5","Satisfactory","23.16343111","77.44605934","Madhya Pradesh"
"BSNL","Indoor","3G","4","Satisfactory","-1","-1","NA"
"RJio","Outdoor","4G","2","Poor Voice Quality","-1","-1","NA"
"RJio","Outdoor","4G","2","Poor Voice Quality","-1","-1","NA"
"RJio","Indoor","4G","1","Poor Voice Quality","-1","-1","NA"
"VI","Indoor","4G","2","Poor Voice Quality","-1","-1","NA"
"BSNL","Indoor","3G","1","Poor Voice Quality","29.39354167","79.44096833","Uttarakhand"
"BSNL","Indoor","3G","1","Poor Voice Quality","29.39343167","79.44136","Uttarakhand"
"BSNL","Indoor","3G","4","Satisfactory","-1","-1","NA"
"VI","Indoor","4G","1","Poor Voice Quality","-1","-1","NA"
"VI","Indoor","4G","2","Poor Voice Quality","18.95197647","72.82959408","Maharashtra"
"RJio","Outdoor","Unknown","5","Satisfactory","-1","-1","NA"
"RJio","Outdoor","Unknown","5","Satisfactory","-1","-1","NA"
"VI","Indoor","4G","5","Satisfactory","23.1638954","77.4461418","Madhya Pradesh"
"RJio","Indoor","4G","1","Call Dropped","-1","-1","NA"
"RJio","Indoor","4G","2","Poor Voice Quality","-1","-1","NA"
"RJio","Indoor","4G","1","Call Dropped","-1","-1","NA"
"RJio","Indoor","4G","2","Poor Voice Quality","-1","-1","NA"
"Airtel","Outdoor","4G","1","Poor Voice Quality","-1","-1","NA"
"VI","Outdoor","4G","3","Satisfactory","13.0791233","77.4517318","Karnataka"
"Airtel","Outdoor","4G","1","Poor Voice Quality","-1","-1","NA"
"RJio","Indoor","4G","4","Satisfactory","-1","-1","NA"
"RJio","Indoor","4G","4","Satisfactory","-1","-1","NA"
"VI","Outdoor","Unknown","3","Satisfactory","13.0602528","77.4632057","Karnataka"
"RJio","Outdoor","Unknown","5","Satisfactory","-1","-1","NA"
"RJio","Outdoor","4G","4","Satisfactory","25.574425","86.93987333","Bihar"
"VI","Outdoor","Unknown","3","Satisfactory","-1","-1","NA"
"RJio","Indoor","4G","1","Poor Voice Quality","-1","-1","NA"
"VI","Indoor","4G","5","Satisfactory","18.4790414","74.0267091","Maharashtra"
"VI","Indoor","4G","2","Poor Voice Quality","-1","-1","NA"
"VI","Indoor","4G","5","Satisfactory","23.1637806","77.44587737","Madhya Pradesh"
"VI","Indoor","4G","2","Poor Voice Quality","-1","-1","NA"
"RJio","Indoor","4G","1","Call Dropped","-1","-1","NA"
"VI","Indoor","4G","5","Satisfactory","23.1637806","77.44587737","Madhya Pradesh"
"RJio","Indoor","4G","1","Call Dropped","-1","-1","NA"
"RJio","Indoor","4G","1","Poor Voice Quality","-1","-1","NA"
"RJio","Indoor","4G","1","Call Dropped","-1","-1","NA"
"RJio","Indoor","4G","5","Satisfactory","15.8708444","74.5053245","Karnataka"
"RJio","Indoor","4G","5","Satisfactory","15.8707867","74.5053075","Karnataka"
"Airtel","Indoor","Unknown","5","Satisfactory","13.93662563","75.54838993","Karnataka"
"Airtel","Indoor","Unknown","5","Satisfactory","13.93662563","75.54838993","Karnataka"
"BSNL","Indoor","3G","1","Poor Voice Quality","29.39343167","79.44136","Uttarakhand"
"RJio","Outdoor","4G","4","Satisfactory","29.50820982","76.8987447","Haryana"
"VI","Indoor","3G","1","Call Dropped","-1","-1","NA"
"VI","Indoor","2G","1","Call Dropped","-1","-1","NA"
"VI","Indoor","Unknown","1","Call Dropped","-1","-1","NA"
"VI","Indoor","Unknown","1","Call Dropped","-1","-1","NA"
"VI","Indoor","3G","1","Call Dropped","-1","-1","NA"
"VI","Indoor","Unknown","1","Call Dropped","-1","-1","NA"
"VI","Indoor","Unknown","1","Call Dropped","-1","-1","NA"
"VI","Indoor","Unknown","1","Call Dropped","-1","-1","NA"
"VI","Indoor","2G","1","Call Dropped","-1","-1","NA"
"VI","Indoor","Unknown","1","Call Dropped","-1","-1","NA"
"VI","Indoor","2G","1","Call Dropped","-1","-1","NA"
"VI","Indoor","3G","1","Call Dropped","-1","-1","NA"
"VI","Indoor","Unknown","1","Call Dropped","-1","-1","NA"
"VI","Indoor","Unknown","1","Call Dropped","-1","-1","NA"
"VI","Indoor","3G","1","Call Dropped","-1","-1","NA"
"VI","Indoor","Unknown","1","Call Dropped","-1","-1","NA"
"VI","Indoor","3G","1","Call Dropped","-1","-1","NA"
"VI","Indoor","2G","1","Call Dropped","-1","-1","NA"
"VI","Indoor","2G","1","Call Dropped","-1","-1","NA"
"VI","Indoor","2G","1","Call Dropped","-1","-1","NA"
"VI","Indoor","2G","1","Call Dropped","-1","-1","NA"
"VI","Indoor","2G","1","Call Dropped","-1","-1","NA"
"VI","Indoor","2G","1","Call Dropped","-1","-1","NA"
"VI","Indoor","2G","1","Call Dropped","-1","-1","NA"
"BSNL","Indoor","2G","1","Call Dropped","-1","-1","NA"
"Airtel","Indoor","4G","4","Satisfactory","13.93669477","75.54821563","Karnataka"
"VI","Indoor","4G","5","Satisfactory","23.17066499","77.44062996","Madhya Pradesh"
"RJio","Indoor","4G","1","Call Dropped","28.74378442","77.07640525","Delhi"
"RJio","Indoor","4G","1","Call Dropped","-1","-1","NA"
"RJio","Indoor","4G","2","Poor Voice Quality","-1","-1","NA"
"Airtel","Indoor","Unknown","5","Satisfactory","13.93667412","75.54819138","Karnataka"
"VI","Indoor","4G","5","Satisfactory","23.17066499","77.44062996","Madhya Pradesh"
"RJio","Indoor","4G","4","Satisfactory","-1","-1","NA"
"RJio","Indoor","4G","4","Satisfactory","-1","-1","NA"
"Airtel","Indoor","4G","5","Satisfactory","13.93667412","75.54819138","Karnataka"
"Airtel","Travelling","4G","4","Satisfactory","25.21289916","85.65310522","Bihar"
"RJio","Indoor","4G","1","Poor Voice Quality","-1","-1","NA"
"VI","Indoor","4G","5","Satisfactory","23.16199001","77.44736918","Madhya Pradesh"
"VI","Indoor","4G","5","Satisfactory","23.16199001","77.44736918","Madhya Pradesh"
"RJio","Indoor","4G","1","Poor Voice Quality","26.22021154","85.09280377","Bihar"
"RJio","Outdoor","4G","1","Call Dropped","26.22021154","85.09280377","Bihar"
"RJio","Indoor","4G","1","Call Dropped","26.22021154","85.09280377","Bihar"
"BSNL","Outdoor","Unknown","1","Poor Voice Quality","26.22021154","85.09280377","Bihar"
"RJio","Outdoor","4G","1","Poor Voice Quality","26.2216796","85.0928415","Bihar"
"RJio","Outdoor","4G","1","Call Dropped","26.22032275","85.09278419","Bihar"
"RJio","Indoor","4G","1","Poor Voice Quality","26.2381449","85.1105527","Bihar"
"RJio","Outdoor","4G","1","Poor Voice Quality","26.2381449","85.1105527","Bihar"
"RJio","Outdoor","4G","1","Call Dropped","26.2381449","85.1105527","Bihar"
"RJio","Outdoor","4G","1","Call Dropped","26.2198799","85.0949118","Bihar"
"RJio","Outdoor","4G","1","Call Dropped","26.2198799","85.0949118","Bihar"
"RJio","Outdoor","4G","1","Call Dropped","26.2199242","85.0927606","Bihar"
"RJio","Outdoor","4G","1","Call Dropped","26.22024656","85.09274556","Bihar"
"RJio","Outdoor","4G","1","Call Dropped","26.22024656","85.09274556","Bihar"
"RJio","Indoor","4G","1","Poor Voice Quality","26.22024656","85.09274556","Bihar"
"VI","Indoor","4G","3","Poor Voice Quality","-1","-1","NA"
"VI","Indoor","4G","5","Satisfactory","23.16199001","77.44736918","Madhya Pradesh"
"VI","Indoor","4G","5","Satisfactory","23.16199001","77.44736918","Madhya Pradesh"
"RJio","Outdoor","4G","5","Satisfactory","-1","-1","NA"
"RJio","Outdoor","4G","1","Call Dropped","-1","-1","NA"
"VI","Indoor","4G","5","Satisfactory","-1","-1","NA"
"Airtel","Indoor","Unknown","5","Satisfactory","13.93669266","75.54838231","Karnataka"
"Airtel","Outdoor","4G","1","Call Dropped","-1","-1","NA"
"Airtel","Indoor","4G","4","Satisfactory","13.9367535","75.54821136","Karnataka"
"RJio","Outdoor","4G","5","Satisfactory","-1","-1","NA"
"RJio","Indoor","4G","5","Satisfactory","15.8709217","74.5054354","Karnataka"
"RJio","Outdoor","4G","4","Satisfactory","29.50825274","76.89854622","Haryana"
"RJio","Indoor","4G","1","Call Dropped","-1","-1","NA"
"Airtel","Indoor","4G","5","Satisfactory","13.93664125","75.54820138","Karnataka"
"Airtel","Indoor","4G","5","Satisfactory","13.936647","75.5481667","Karnataka"
"RJio","Outdoor","4G","5","Satisfactory","-1","-1","NA"
"Airtel","Indoor","Unknown","4","Satisfactory","13.93663256","75.54820956","Karnataka"
"RJio","Indoor","4G","1","Call Dropped","-1","-1","NA"
"RJio","Indoor","4G","1","Poor Voice Quality","-1","-1","NA"
"Airtel","Indoor","4G","3","Poor Voice Quality","-1","-1","NA"
"RJio","Indoor","Unknown","3","Poor Voice Quality","19.04017","72.86775667","Maharashtra"
"Airtel","Indoor","Unknown","3","Satisfactory","-1","-1","NA"
"RJio","Outdoor","4G","2","Poor Voice Quality","15.8071661","74.5790976","Karnataka"
"RJio","Outdoor","4G","5","Satisfactory","15.7318056","74.6819421","Karnataka"
"RJio","Outdoor","4G","4","Satisfactory","15.7318056","74.6819421","Karnataka"
"RJio","Outdoor","4G","4","Satisfactory","15.6453136","74.7444968","Karnataka"
"RJio","Outdoor","4G","5","Satisfactory","15.4968716","74.9568611","Karnataka"
"Airtel","Indoor","4G","5","Satisfactory","13.93346317","75.56017726","Karnataka"
"Airtel","Indoor","4G","5","Satisfactory","13.93346317","75.56017726","Karnataka"
"Airtel","Indoor","4G","1","Poor Voice Quality","-1","-1","NA"
"Airtel","Indoor","4G","1","Poor Voice Quality","-1","-1","NA"
"Airtel","Outdoor","4G","5","Satisfactory","11.0469312","76.950315","Tamil Nadu"
"BSNL","Indoor","Unknown","5","Satisfactory","9.172161156","77.87739594","Tamil Nadu"
"BSNL","Indoor","Unknown","5","Satisfactory","9.172338559","77.87736132","Tamil Nadu"
"Airtel","Indoor","4G","5","Satisfactory","9.174520914","77.87865666","Tamil Nadu"
"RJio","Outdoor","4G","5","Satisfactory","17.47156833","78.42607667","Telangana"
"VI","Indoor","4G","5","Satisfactory","23.16370537","77.44640308","Madhya Pradesh"
"RJio","Outdoor","4G","5","Satisfactory","-1","-1","NA"
"Airtel","Travelling","Unknown","1","Call Dropped","-1","-1","NA"
"RJio","Indoor","4G","1","Poor Voice Quality","-1","-1","NA"
"RJio","Travelling","4G","1","Poor Voice Quality","-1","-1","NA"
"RJio","Indoor","4G","1","Poor Voice Quality","-1","-1","NA"
"RJio","Travelling","4G","1","Poor Voice Quality","-1","-1","NA"
"RJio","Indoor","4G","1","Call Dropped","-1","-1","NA"
"RJio","Indoor","4G","1","Poor Voice Quality","-1","-1","NA"
"Airtel","Indoor","4G","1","Poor Voice Quality","-1","-1","NA"
"Airtel","Indoor","4G","1","Poor Voice Quality","-1","-1","NA"
"Airtel","Indoor","4G","1","Poor Voice Quality","-1","-1","NA"
"RJio","Indoor","4G","1","Poor Voice Quality","-1","-1","NA"
"VI","Indoor","4G","5","Satisfactory","23.16381748","77.44582817","Madhya Pradesh"
"VI","Indoor","4G","5","Satisfactory","23.16381748","77.44582817","Madhya Pradesh"
"VI","Indoor","4G","5","Satisfactory","23.16381748","77.44582817","Madhya Pradesh"
"Airtel","Travelling","4G","5","Satisfactory","9.172333824","77.87742167","Tamil Nadu"
"VI","Indoor","4G","5","Satisfactory","23.16381748","77.44582817","Madhya Pradesh"
"RJio","Outdoor","4G","4","Satisfactory","25.50899167","86.94121667","Bihar"
"Airtel","Indoor","4G","1","Poor Voice Quality","-1","-1","NA"
"Airtel","Outdoor","4G","1","Poor Voice Quality","-1","-1","NA"
"Airtel","Indoor","4G","1","Call Dropped","-1","-1","NA"
"RJio","Indoor","4G","5","Satisfactory","17.47163667","78.42604333","Telangana"
"RJio","Indoor","4G","5","Satisfactory","17.47163667","78.42604333","Telangana"
"RJio","Indoor","4G","5","Satisfactory","-1","-1","NA"
"RJio","Indoor","4G","1","Poor Voice Quality","-1","-1","NA"
"RJio","Outdoor","4G","4","Satisfactory","-1","-1","NA"
"VI","Indoor","4G","1","Call Dropped","-1","-1","NA"
"Airtel","Indoor","Unknown","5","Satisfactory","13.93674504","75.54823808","Karnataka"
"RJio","Outdoor","4G","5","Satisfactory","25.51050333","86.94416667","Bihar"
"Airtel","Indoor","4G","4","Satisfactory","13.93356699","75.55995295","Karnataka"
"Airtel","Indoor","4G","5","Satisfactory","13.93348851","75.55977127","Karnataka"
"VI","Indoor","Unknown","1","Call Dropped","-1","-1","NA"
"VI","Indoor","Unknown","1","Call Dropped","-1","-1","NA"
"VI","Indoor","2G","1","Call Dropped","-1","-1","NA"
"VI","Indoor","3G","1","Call Dropped","-1","-1","NA"
"VI","Indoor","3G","1","Call Dropped","-1","-1","NA"
"VI","Indoor","3G","1","Call Dropped","-1","-1","NA"
"VI","Indoor","3G","1","Call Dropped","-1","-1","NA"
"VI","Indoor","3G","1","Call Dropped","-1","-1","NA"
"VI","Indoor","3G","1","Call Dropped","-1","-1","NA"
"VI","Indoor","3G","1","Call Dropped","-1","-1","NA"
"VI","Indoor","3G","1","Call Dropped","-1","-1","NA"
"BSNL","Indoor","3G","1","Poor Voice Quality","29.3931449","79.4411558","Uttarakhand"
"BSNL","Indoor","3G","1","Poor Voice Quality","29.3931449","79.4411558","Uttarakhand"
"RJio","Outdoor","4G","5","Satisfactory","-1","-1","NA"
"RJio","Indoor","4G","1","Call Dropped","-1","-1","NA"
"RJio","Indoor","4G","1","Call Dropped","-1","-1","NA"
"RJio","Outdoor","4G","5","Satisfactory","-1","-1","NA"
"VI","Indoor","4G","5","Satisfactory","21.12519163","79.0669895","Maharashtra"
"RJio","Indoor","4G","2","Poor Voice Quality","-1","-1","NA"
"Airtel","Indoor","4G","4","Satisfactory","-1","-1","NA"
"Airtel","Indoor","4G","4","Satisfactory","-1","-1","NA"
"RJio","Outdoor","4G","4","Satisfactory","25.51025167","86.9427","Bihar"
"Airtel","Indoor","Unknown","5","Satisfactory","13.83672385","75.66424712","Karnataka"
"RJio","Indoor","4G","2","Poor Voice Quality","-1","-1","NA"
"RJio","Indoor","4G","4","Satisfactory","17.47163667","78.42604333","Telangana"
"RJio","Indoor","4G","5","Satisfactory","26.4629212","84.4496179","Bihar"
"VI","Travelling","Unknown","5","Satisfactory","18.51715351","73.77996745","Maharashtra"
"VI","Indoor","4G","2","Poor Voice Quality","-1","-1","NA"
"Airtel","Indoor","Unknown","5","Satisfactory","13.83462444","75.66338636","Karnataka"
"Airtel","Indoor","3G","1","Call Dropped","-1","-1","NA"
"RJio","Outdoor","4G","1","Poor Voice Quality","-1","-1","NA"
"RJio","Outdoor","4G","3","Call Dropped","25.51016667","86.94229167","Bihar"
"RJio","Outdoor","4G","5","Satisfactory","-1","-1","NA"
"RJio","Outdoor","4G","5","Satisfactory","-1","-1","NA"
"RJio","Outdoor","4G","5","Satisfactory","-1","-1","NA"
"VI","Travelling","4G","1","Call Dropped","-1","-1","NA"
"VI","Travelling","4G","3","Satisfactory","19.0865064","72.8417626","Maharashtra"
"VI","Travelling","4G","3","Satisfactory","19.13638951","72.84859971","Maharashtra"
"VI","Travelling","4G","2","Poor Voice Quality","19.13638951","72.84859971","Maharashtra"
"Airtel","Outdoor","4G","1","Poor Voice Quality","-1","-1","NA"
"RJio","Indoor","4G","1","Call Dropped","-1","-1","NA"
"RJio","Indoor","4G","2","Call Dropped","-1","-1","NA"
"RJio","Indoor","4G","1","Call Dropped","-1","-1","NA"
"RJio","Indoor","4G","1","Call Dropped","-1","-1","NA"
"RJio","Indoor","4G","1","Poor Voice Quality","-1","-1","NA"
"RJio","Indoor","4G","1","Call Dropped","28.7438737","77.0763138","Delhi"
"RJio","Indoor","4G","1","Call Dropped","-1","-1","NA"
"RJio","Indoor","4G","1","Poor Voice Quality","28.74373383","77.07624333","Delhi"
"BSNL","Indoor","3G","1","Call Dropped","-1","-1","NA"
"Airtel","Indoor","4G","4","Satisfactory","-1","-1","NA"
"RJio","Outdoor","4G","1","Call Dropped","-1","-1","NA"
"RJio","Outdoor","4G","1","Poor Voice Quality","-1","-1","NA"
"RJio","Indoor","4G","5","Satisfactory","-1","-1","NA"
"Airtel","Outdoor","4G","1","Poor Voice Quality","-1","-1","NA"
"Airtel","Outdoor","4G","1","Call Dropped","-1","-1","NA"
"VI","Indoor","4G","5","Satisfactory","18.479037","74.0267115","Maharashtra"
"Airtel","Travelling","4G","4","Satisfactory","-1","-1","NA"
"Airtel","Indoor","Unknown","5","Satisfactory","13.0032043","77.7125635","Karnataka"
"RJio","Indoor","4G","1","Call Dropped","-1","-1","NA"
"Airtel","Indoor","4G","1","Call Dropped","-1","-1","NA"
"Airtel","Outdoor","4G","1","Poor Voice Quality","-1","-1","NA"
"VI","Indoor","4G","5","Satisfactory","23.34771913","85.3156842","Jharkhand"
"VI","Indoor","4G","5","Satisfactory","23.34771913","85.3156842","Jharkhand"
"RJio","Indoor","4G","1","Poor Voice Quality","-1","-1","NA"
"RJio","Travelling","4G","1","Poor Voice Quality","-1","-1","NA"
"RJio","Outdoor","4G","5","Satisfactory","-1","-1","NA"
"RJio","Outdoor","4G","5","Satisfactory","-1","-1","NA"
"RJio","Indoor","4G","5","Satisfactory","-1","-1","NA"
"RJio","Indoor","4G","5","Satisfactory","17.470455","78.41521167","Telangana"
"RJio","Indoor","4G","4","Satisfactory","-1","-1","NA"
"RJio","Indoor","4G","4","Satisfactory","-1","-1","NA"
"RJio","Outdoor","4G","5","Satisfactory","-1","-1","NA"
"Airtel","Indoor","4G","5","Satisfactory","13.0030129","77.7117258","Karnataka"
"RJio","Outdoor","4G","5","Satisfactory","-1","-1","NA"
"RJio","Indoor","4G","2","Poor Voice Quality","-1","-1","NA"
"RJio","Indoor","4G","2","Poor Voice Quality","-1","-1","NA"
"RJio","Indoor","4G","2","Poor Voice Quality","-1","-1","NA"
"RJio","Indoor","4G","2","Poor Voice Quality","-1","-1","NA"
"RJio","Indoor","4G","2","Poor Voice Quality","-1","-1","NA"
"RJio","Outdoor","Unknown","5","Satisfactory","-1","-1","NA"
"Airtel","Indoor","4G","1","Poor Voice Quality","-1","-1","NA"
"Airtel","Indoor","2G","5","Satisfactory","13.003056","77.7117757","Karnataka"
"RJio","Outdoor","Unknown","5","Satisfactory","-1","-1","NA"
"VI","Indoor","4G","5","Satisfactory","18.4790375","74.0267127","Maharashtra"
"VI","Indoor","Unknown","4","Satisfactory","19.2132943","72.8240625","Maharashtra"
"RJio","Indoor","4G","2","Poor Voice Quality","-1","-1","NA"
"Airtel","Indoor","Unknown","5","Satisfactory","18.6723712","73.899323","Maharashtra"
"RJio","Outdoor","Unknown","5","Satisfactory","-1","-1","NA"
"VI","Outdoor","Unknown","5","Satisfactory","21.1233299","79.0678374","Maharashtra"
"Airtel","Indoor","2G","5","Satisfactory","13.0030142","77.711722","Karnataka"
"RJio","Outdoor","4G","4","Satisfactory","17.45181167","78.38153667","Telangana"
"VI","Indoor","4G","5","Satisfactory","18.4790408","74.026711","Maharashtra"
"VI","Indoor","3G","1","Call Dropped","-1","-1","NA"
"VI","Indoor","3G","1","Call Dropped","-1","-1","NA"
"RJio","Indoor","4G","4","Satisfactory","-1","-1","NA"
"RJio","Indoor","4G","4","Satisfactory","-1","-1","NA"
"RJio","Indoor","4G","4","Satisfactory","-1","-1","NA"
"RJio","Indoor","4G","4","Satisfactory","-1","-1","NA"
"RJio","Indoor","4G","4","Satisfactory","-1","-1","NA"
"RJio","Indoor","4G","4","Satisfactory","-1","-1","NA"
"RJio","Indoor","4G","4","Satisfactory","-1","-1","NA"
"RJio","Indoor","4G","4","Satisfactory","-1","-1","NA"
"RJio","Indoor","4G","4","Satisfactory","-1","-1","NA"
"RJio","Indoor","4G","4","Satisfactory","-1","-1","NA"
"RJio","Indoor","4G","4","Satisfactory","-1","-1","NA"
"RJio","Indoor","4G","4","Satisfactory","-1","-1","NA"
"RJio","Outdoor","4G","5","Satisfactory","15.86705167","74.51199833","Karnataka"
"Airtel","Indoor","Unknown","5","Satisfactory","12.95002965","77.69982352","Karnataka"
"RJio","Outdoor","4G","5","Satisfactory","-1","-1","NA"
"Airtel","Indoor","4G","1","Poor Voice Quality","9.505641667","77.62971833","Tamil Nadu"
"Airtel","Indoor","Unknown","5","Satisfactory","12.95002965","77.69982352","Karnataka"
"Airtel","Indoor","2G","5","Satisfactory","12.95002965","77.69982352","Karnataka"
"RJio","Outdoor","4G","4","Satisfactory","25.51042167","86.942025","Bihar"
"RJio","Outdoor","4G","5","Satisfactory","-1","-1","NA"
"Airtel","Indoor","4G","5","Satisfactory","12.95002965","77.69982352","Karnataka"
"Airtel","Indoor","4G","5","Satisfactory","12.95002965","77.69982352","Karnataka"
"RJio","Indoor","4G","2","Poor Voice Quality","-1","-1","NA"
"RJio","Outdoor","4G","4","Satisfactory","25.5101","86.94351167","Bihar"
"RJio","Outdoor","4G","5","Satisfactory","-1","-1","NA"
"Airtel","Indoor","4G","1","Poor Voice Quality","21.15949793","72.77139341","Gujarat"
"RJio","Outdoor","4G","5","Satisfactory","-1","-1","NA"
"Airtel","Indoor","4G","1","Call Dropped","-1","-1","NA"
"VI","Travelling","Unknown","1","Call Dropped","-1","-1","NA"
"RJio","Outdoor","4G","3","Satisfactory","-1","-1","NA"
"VI","Indoor","4G","4","Satisfactory","-1","-1","NA"
"Airtel","Outdoor","4G","1","Poor Voice Quality","-1","-1","NA"
"Airtel","Outdoor","4G","1","Poor Voice Quality","-1","-1","NA"
"RJio","Indoor","4G","2","Poor Voice Quality","-1","-1","NA"
"RJio","Indoor","4G","2","Poor Voice Quality","-1","-1","NA"
"RJio","Indoor","4G","5","Satisfactory","15.86705167","74.51199833","Karnataka"
"RJio","Indoor","4G","1","Poor Voice Quality","-1","-1","NA"
"Airtel","Indoor","4G","1","Call Dropped","-1","-1","NA"
"Airtel","Outdoor","4G","1","Call Dropped","-1","-1","NA"
"Airtel","Outdoor","4G","1","Poor Voice Quality","-1","-1","NA"
"Airtel","Indoor","Unknown","1","Poor Voice Quality","-1","-1","NA"
"RJio","Travelling","4G","5","Satisfactory","-1","-1","NA"
"RJio","Travelling","4G","4","Satisfactory","-1","-1","NA"
"RJio","Outdoor","4G","5","Satisfactory","-1","-1","NA"
"RJio","Outdoor","4G","5","Satisfactory","-1","-1","NA"
"RJio","Outdoor","4G","5","Satisfactory","-1","-1","NA"
"RJio","Outdoor","4G","5","Satisfactory","-1","-1","NA"
"RJio","Outdoor","4G","5","Satisfactory","-1","-1","NA"
"RJio","Outdoor","4G","5","Satisfactory","-1","-1","NA"
"Airtel","Indoor","Unknown","5","Satisfactory","12.93713089","77.69312704","Karnataka"
"RJio","Indoor","4G","2","Poor Voice Quality","-1","-1","NA"
"VI","Outdoor","4G","5","Satisfactory","-1","-1","NA"
"BSNL","Indoor","Unknown","1","Poor Voice Quality","-1","-1","NA"
"BSNL","Indoor","Unknown","1","Poor Voice Quality","-1","-1","NA"
"RJio","Indoor","4G","3","Poor Voice Quality","-1","-1","NA"
"RJio","Indoor","4G","2","Poor Voice Quality","-1","-1","NA"
"Airtel","Indoor","4G","1","Call Dropped","18.74925167","73.429365","Maharashtra"
"Airtel","Indoor","4G","5","Satisfactory","12.936028","77.6946679","Karnataka"
"RJio","Outdoor","4G","5","Satisfactory","27.3598006","93.0389521","Arunachal Pradesh"
"RJio","Outdoor","4G","5","Satisfactory","-1","-1","NA"
"RJio","Outdoor","4G","1","Call Dropped","-1","-1","NA"
"RJio","Travelling","4G","4","Satisfactory","25.508955","86.94286167","Bihar"
"RJio","Outdoor","4G","1","Poor Voice Quality","29.50819563","76.89856602","Haryana"
"RJio","Indoor","4G","1","Poor Voice Quality","-1","-1","NA"
"RJio","Indoor","4G","1","Poor Voice Quality","-1","-1","NA"
"RJio","Indoor","4G","1","Call Dropped","-1","-1","NA"
"Airtel","Indoor","Unknown","5","Satisfactory","13.00276621","77.71185319","Karnataka"
"RJio","Outdoor","4G","4","Satisfactory","-1","-1","NA"
"VI","Travelling","Unknown","5","Satisfactory","21.13686949","79.0602712","Maharashtra"
"Airtel","Indoor","4G","5","Satisfactory","13.00276621","77.71185319","Karnataka"
"RJio","Outdoor","4G","1","Call Dropped","-1","-1","NA"
"RJio","Indoor","4G","2","Poor Voice Quality","-1","-1","NA"
"RJio","Indoor","4G","4","Satisfactory","-1","-1","NA"
"RJio","Outdoor","Unknown","2","Poor Voice Quality","-1","-1","NA"
"RJio","Indoor","4G","2","Poor Voice Quality","-1","-1","NA"
"RJio","Outdoor","4G","4","Satisfactory","25.51198333","86.94265333","Bihar"
"VI","Indoor","3G","1","Call Dropped","28.7505327","77.0785887","Delhi"
"RJio","Indoor","Unknown","1","Poor Voice Quality","-1","-1","NA"
"RJio","Indoor","4G","5","Satisfactory","15.871145","74.505235","Karnataka"
"Airtel","Indoor","4G","5","Satisfactory","25.0973506","84.1222386","Bihar"
"VI","Travelling","4G","3","Satisfactory","-1","-1","NA"
"VI","Travelling","4G","2","Poor Voice Quality","-1","-1","NA"
"VI","Indoor","4G","3","Satisfactory","18.9560162","72.836797","Maharashtra"
"VI","Outdoor","Unknown","3","Satisfactory","-1","-1","NA"
"RJio","Outdoor","4G","5","Satisfactory","15.871145","74.505235","Karnataka"
"VI","Indoor","2G","1","Call Dropped","-1","-1","NA"
"RJio","Outdoor","4G","5","Satisfactory","25.510645","86.93832333","Bihar"
"RJio","Travelling","4G","5","Satisfactory","25.50972","86.941545","Bihar"
"VI","Indoor","3G","1","Call Dropped","-1","-1","NA"
"Airtel","Indoor","4G","5","Satisfactory","25.16191167","86.8309","Bihar"
"VI","Outdoor","Unknown","4","Satisfactory","21.09766723","79.06696292","Maharashtra"
"RJio","Indoor","4G","2","Poor Voice Quality","19.1615491","73.2396665","Maharashtra"
"VI","Outdoor","Unknown","2","Call Dropped","20.92954591","78.97041597","Maharashtra"
"VI","Outdoor","Unknown","5","Satisfactory","20.92954591","78.97041597","Maharashtra"
"RJio","Indoor","4G","3","Satisfactory","-1","-1","NA"
"Airtel","Outdoor","4G","4","Satisfactory","-1","-1","NA"
"Airtel","Indoor","4G","4","Satisfactory","-1","-1","NA"
"Airtel","Outdoor","4G","4","Satisfactory","-1","-1","NA"
"Airtel","Indoor","4G","5","Satisfactory","13.0030426","77.711759","Karnataka"
"VI","Indoor","4G","1","Poor Voice Quality","28.7512609","77.0778568","Delhi"
"VI","Indoor","4G","3","Poor Voice Quality","-1","-1","NA"
"Airtel","Indoor","Unknown","5","Satisfactory","13.00276352","77.71208031","Karnataka"
"RJio","Outdoor","4G","4","Satisfactory","25.51026667","86.94228","Bihar"
"RJio","Outdoor","4G","4","Satisfactory","25.51026667","86.94228","Bihar"
"RJio","Outdoor","4G","5","Satisfactory","-1","-1","NA"
"RJio","Indoor","4G","1","Call Dropped","-1","-1","NA"
"RJio","Indoor","4G","1","Poor Voice Quality","28.74373383","77.07624333","Delhi"
"RJio","Indoor","4G","1","Call Dropped","-1","-1","NA"
"RJio","Indoor","4G","1","Call Dropped","-1","-1","NA"
"VI","Indoor","3G","1","Call Dropped","-1","-1","NA"
"VI","Indoor","3G","1","Call Dropped","-1","-1","NA"
"VI","Indoor","3G","1","Call Dropped","-1","-1","NA"
"VI","Indoor","3G","1","Call Dropped","-1","-1","NA"
"VI","Indoor","3G","1","Call Dropped","-1","-1","NA"
"VI","Indoor","3G","1","Call Dropped","-1","-1","NA"
"VI","Indoor","3G","1","Call Dropped","-1","-1","NA"
"VI","Indoor","3G","1","Call Dropped","-1","-1","NA"
"VI","Indoor","3G","1","Call Dropped","-1","-1","NA"
"VI","Indoor","3G","1","Call Dropped","-1","-1","NA"
"VI","Indoor","3G","1","Call Dropped","-1","-1","NA"
"VI","Indoor","3G","1","Call Dropped","-1","-1","NA"
"Airtel","Indoor","2G","5","Satisfactory","13.00269759","77.71199067","Karnataka"
"RJio","Indoor","4G","1","Call Dropped","-1","-1","NA"
"RJio","Indoor","4G","1","Poor Voice Quality","-1","-1","NA"
"RJio","Indoor","4G","1","Poor Voice Quality","17.57919831","78.42225905","Telangana"
"Airtel","Indoor","2G","5","Satisfactory","13.0029668","77.7117012","Karnataka"
"Airtel","Indoor","Unknown","5","Satisfactory","13.0029668","77.7117012","Karnataka"
"RJio","Indoor","4G","1","Poor Voice Quality","-1","-1","NA"
"Airtel","Indoor","Unknown","5","Satisfactory","13.00285579","77.71195386","Karnataka"
"RJio","Indoor","4G","5","Satisfactory","20.37112603","78.4990757","Maharashtra"
"RJio","Outdoor","4G","3","Satisfactory","25.51010667","86.94227167","Bihar"
"RJio","Outdoor","4G","3","Satisfactory","-1","-1","NA"
"RJio","Indoor","4G","1","Call Dropped","28.74381475","77.07647972","Delhi"
"RJio","Indoor","4G","1","Call Dropped","-1","-1","NA"
"RJio","Indoor","4G","2","Poor Voice Quality","19.1615474","73.239578","Maharashtra"
"RJio","Indoor","4G","1","Call Dropped","-1","-1","NA"
"RJio","Indoor","4G","1","Poor Voice Quality","-1","-1","NA"
"Airtel","Travelling","4G","5","Satisfactory","-1","-1","NA"
"RJio","Indoor","4G","4","Satisfactory","15.86933833","74.50417667","Karnataka"
"RJio","Indoor","4G","5","Satisfactory","15.86933833","74.50417667","Karnataka"
"RJio","Indoor","4G","4","Satisfactory","15.86933833","74.50417667","Karnataka"
"RJio","Outdoor","4G","4","Satisfactory","25.51041167","86.93983167","Bihar"
"RJio","Indoor","4G","5","Satisfactory","15.86933833","74.50417667","Karnataka"
"VI","Indoor","4G","2","Poor Voice Quality","-1","-1","NA"
"RJio","Outdoor","4G","3","Satisfactory","-1","-1","NA"
"RJio","Indoor","4G","1","Poor Voice Quality","-1","-1","NA"
"RJio","Travelling","4G","5","Satisfactory","-1","-1","NA"
"RJio","Travelling","4G","5","Satisfactory","12.95787577","77.48615432","Karnataka"
"RJio","Indoor","4G","5","Satisfactory","-1","-1","NA"
"RJio","Indoor","4G","5","Satisfactory","-1","-1","NA"
"RJio","Indoor","4G","5","Satisfactory","12.9566716","77.4896567","Karnataka"
"RJio","Outdoor","4G","5","Satisfactory","-1","-1","NA"
"RJio","Indoor","4G","2","Call Dropped","-1","-1","NA"
"RJio","Indoor","4G","5","Satisfactory","-1","-1","NA"
"RJio","Indoor","4G","5","Satisfactory","12.9566513","77.4896668","Karnataka"
"RJio","Indoor","4G","5","Satisfactory","12.9566513","77.4896668","Karnataka"
"RJio","Outdoor","4G","5","Satisfactory","12.96301816","77.47503246","Karnataka"
"Airtel","Travelling","2G","1","Call Dropped","-1","-1","NA"
"Airtel","Indoor","4G","4","Satisfactory","-1","-1","NA"
"Airtel","Outdoor","4G","5","Satisfactory","-1","-1","NA"
"Airtel","Indoor","Unknown","5","Satisfactory","-1","-1","NA"
"Airtel","Indoor","4G","5","Satisfactory","-1","-1","NA"
"BSNL","Indoor","3G","1","Poor Voice Quality","29.3931365","79.4411358","Uttarakhand"
"RJio","Travelling","4G","2","Poor Voice Quality","-1","-1","NA"
"VI","Indoor","3G","1","Call Dropped","-1","-1","NA"
"VI","Indoor","2G","1","Call Dropped","-1","-1","NA"
"VI","Indoor","3G","1","Call Dropped","-1","-1","NA"
"RJio","Indoor","4G","5","Satisfactory","15.87144167","74.50555667","Karnataka"
"VI","Indoor","4G","3","Satisfactory","-1","-1","NA"
"Airtel","Indoor","Unknown","5","Satisfactory","13.0029926","77.7117368","Karnataka"
"Airtel","Indoor","2G","5","Satisfactory","13.0030179","77.7117346","Karnataka"
"BSNL","Indoor","3G","3","Call Dropped","-1","-1","NA"
"RJio","Indoor","4G","1","Call Dropped","23.3993311","71.67198568","Gujarat"
"BSNL","Indoor","3G","3","Poor Voice Quality","-1","-1","NA"
"RJio","Outdoor","4G","4","Satisfactory","25.50985","86.94287","Bihar"
"RJio","Indoor","4G","1","Poor Voice Quality","-1","-1","NA"
"RJio","Indoor","4G","5","Satisfactory","15.87054333","74.505515","Karnataka"
"BSNL","Indoor","3G","1","Call Dropped","-1","-1","NA"
"BSNL","Indoor","3G","2","Poor Voice Quality","-1","-1","NA"
"Airtel","Indoor","4G","5","Satisfactory","13.0029373","77.7116699","Karnataka"
"Airtel","Indoor","4G","5","Satisfactory","13.0029762","77.7117389","Karnataka"
"RJio","Indoor","4G","5","Satisfactory","15.87082667","74.50406333","Karnataka"
"RJio","Outdoor","4G","1","Call Dropped","-1","-1","NA"
"RJio","Indoor","4G","1","Poor Voice Quality","-1","-1","NA"
"RJio","Indoor","4G","5","Satisfactory","15.87124833","74.50546333","Karnataka"
"RJio","Indoor","4G","5","Satisfactory","15.87124833","74.50546333","Karnataka"
"RJio","Indoor","4G","1","Poor Voice Quality","28.74377779","77.07644723","Delhi"
"RJio","Indoor","4G","1","Poor Voice Quality","-1","-1","NA"
"VI","Indoor","3G","1","Call Dropped","-1","-1","NA"
"VI","Indoor","3G","1","Call Dropped","-1","-1","NA"
"VI","Indoor","3G","1","Call Dropped","-1","-1","NA"
"VI","Indoor","3G","1","Call Dropped","-1","-1","NA"
"VI","Indoor","3G","1","Call Dropped","-1","-1","NA"
"VI","Indoor","3G","1","Call Dropped","-1","-1","NA"
"RJio","Indoor","4G","2","Poor Voice Quality","-1","-1","NA"
"VI","Indoor","4G","2","Poor Voice Quality","-1","-1","NA"
"VI","Indoor","4G","2","Poor Voice Quality","22.72627","75.89647833","Madhya Pradesh"
"Airtel","Indoor","4G","1","Poor Voice Quality","-1","-1","NA"
"Airtel","Indoor","4G","1","Poor Voice Quality","-1","-1","NA"
"Airtel","Indoor","4G","1","Poor Voice Quality","-1","-1","NA"
"Airtel","Indoor","Unknown","5","Satisfactory","13.05282128","77.66128543","Karnataka"
"BSNL","Indoor","3G","1","Poor Voice Quality","29.39315833","79.44117833","Uttarakhand"
"RJio","Indoor","4G","1","Poor Voice Quality","-1","-1","NA"
"RJio","Indoor","Unknown","1","Call Dropped","28.74377779","77.07644723","Delhi"
"RJio","Indoor","4G","5","Satisfactory","15.87117167","74.50547333","Karnataka"
"VI","Indoor","3G","2","Call Dropped","-1","-1","NA"
"VI","Indoor","4G","5","Satisfactory","18.4790237","74.0266959","Maharashtra"
"VI","Indoor","4G","5","Satisfactory","18.4790237","74.0266959","Maharashtra"
"BSNL","Indoor","3G","1","Poor Voice Quality","29.39389","79.44100833","Uttarakhand"
"BSNL","Indoor","3G","1","Poor Voice Quality","29.39389","79.44100833","Uttarakhand"
"BSNL","Indoor","2G","1","Poor Voice Quality","-1","-1","NA"
"BSNL","Outdoor","Unknown","1","Call Dropped","-1","-1","NA"
"Airtel","Travelling","4G","5","Satisfactory","-1","-1","NA"
"VI","Indoor","4G","2","Poor Voice Quality","-1","-1","NA"
"BSNL","Indoor","3G","1","Poor Voice Quality","29.39389","79.44100833","Uttarakhand"
"VI","Indoor","4G","3","Satisfactory","18.9550104","72.8013121","Maharashtra"
"BSNL","Indoor","3G","1","Poor Voice Quality","29.39389","79.44100833","Uttarakhand"
"VI","Indoor","3G","1","Call Dropped","-1","-1","NA"
"VI","Indoor","3G","1","Call Dropped","-1","-1","NA"
"VI","Indoor","3G","1","Call Dropped","-1","-1","NA"
"VI","Indoor","Unknown","1","Call Dropped","-1","-1","NA"
"RJio","Outdoor","4G","5","Satisfactory","15.87072833","74.50481","Karnataka"
"RJio","Outdoor","4G","5","Satisfactory","25.51024167","86.942515","Bihar"
"Airtel","Indoor","Unknown","5","Satisfactory","12.8791841","77.7246395","Karnataka"
"Airtel","Indoor","4G","5","Satisfactory","12.9565922","77.4896951","Karnataka"
"Airtel","Indoor","Unknown","5","Satisfactory","12.8791841","77.7246393","Karnataka"
"RJio","Outdoor","4G","5","Satisfactory","12.9566513","77.4896668","Karnataka"
"RJio","Indoor","4G","5","Satisfactory","-1","-1","NA"
"VI","Indoor","4G","5","Satisfactory","23.33404742","85.30720249","Jharkhand"
"RJio","Indoor","4G","1","Call Dropped","-1","-1","NA"
"RJio","Indoor","4G","1","Call Dropped","-1","-1","NA"
"RJio","Indoor","4G","1","Call Dropped","-1","-1","NA"
"RJio","Indoor","4G","1","Call Dropped","-1","-1","NA"
"VI","Indoor","4G","3","Satisfactory","-1","-1","NA"
"BSNL","Indoor","2G","1","Poor Voice Quality","29.39362833","79.44002","Uttarakhand"
"VI","Outdoor","Unknown","5","Satisfactory","19.07139312","72.99653163","Maharashtra"
"RJio","Outdoor","4G","5","Satisfactory","-1","-1","NA"
"VI","Indoor","4G","5","Satisfactory","18.4790237","74.0266959","Maharashtra"
"BSNL","Indoor","3G","1","Poor Voice Quality","29.39325667","79.44073167","Uttarakhand"
"BSNL","Indoor","3G","1","Poor Voice Quality","29.39325667","79.44073167","Uttarakhand"
"RJio","Indoor","4G","1","Poor Voice Quality","-1","-1","NA"
"RJio","Indoor","4G","1","Call Dropped","-1","-1","NA"
"RJio","Indoor","4G","5","Satisfactory","15.8712221","74.5056875","Karnataka"
"VI","Indoor","4G","3","Satisfactory","-1","-1","NA"
"Airtel","Indoor","Unknown","5","Satisfactory","12.93609934","77.69443257","Karnataka"
"Airtel","Travelling","4G","5","Satisfactory","12.93501471","77.69335178","Karnataka"
"VI","Indoor","3G","1","Call Dropped","-1","-1","NA"
"VI","Indoor","3G","1","Call Dropped","-1","-1","NA"
"VI","Indoor","3G","1","Call Dropped","-1","-1","NA"
"VI","Indoor","3G","1","Call Dropped","-1","-1","NA"
"VI","Indoor","4G","5","Satisfactory","-1","-1","NA"
"RJio","Indoor","4G","5","Satisfactory","15.8708272","74.5053166","Karnataka"
"RJio","Indoor","4G","4","Satisfactory","15.870875","74.5053452","Karnataka"
"RJio","Outdoor","4G","4","Satisfactory","-1","-1","NA"
"VI","Outdoor","Unknown","1","Poor Voice Quality","19.0651965","73.0021561","Maharashtra"
"VI","Indoor","Unknown","5","Satisfactory","19.0651212","73.0021389","Maharashtra"
"RJio","Indoor","4G","4","Satisfactory","-1","-1","NA"
"RJio","Indoor","4G","4","Satisfactory","-1","-1","NA"
"RJio","Indoor","4G","4","Satisfactory","-1","-1","NA"
"BSNL","Outdoor","3G","4","Satisfactory","25.49503667","85.74190833","Bihar"
"VI","Indoor","4G","5","Satisfactory","23.34968662","85.31867587","Jharkhand"
"BSNL","Indoor","3G","4","Satisfactory","-1","-1","NA"
"Airtel","Outdoor","4G","1","Poor Voice Quality","-1","-1","NA"
"RJio","Outdoor","4G","5","Satisfactory","-1","-1","NA"
"RJio","Outdoor","4G","5","Satisfactory","-1","-1","NA"
"Airtel","Indoor","4G","1","Poor Voice Quality","-1","-1","NA"
"Airtel","Indoor","4G","1","Poor Voice Quality","-1","-1","NA"
"RJio","Outdoor","4G","4","Satisfactory","25.73319667","86.98775167","Bihar"
"RJio","Indoor","4G","1","Call Dropped","-1","-1","NA"
"RJio","Indoor","4G","1","Poor Voice Quality","-1","-1","NA"
"Airtel","Indoor","2G","5","Satisfactory","13.0029003","77.7117404","Karnataka"
"RJio","Outdoor","4G","5","Satisfactory","-1","-1","NA"
"VI","Indoor","Unknown","1","Poor Voice Quality","-1","-1","NA"
"RJio","Indoor","4G","1","Poor Voice Quality","-1","-1","NA"
"RJio","Indoor","Unknown","1","Poor Voice Quality","-1","-1","NA"
"RJio","Outdoor","4G","3","Poor Voice Quality","19.16043387","73.11894494","Maharashtra"
"VI","Indoor","4G","3","Poor Voice Quality","-1","-1","NA"
"RJio","Indoor","4G","5","Satisfactory","15.8709092","74.5053899","Karnataka"
"RJio","Indoor","4G","5","Satisfactory","15.8708408","74.5052887","Karnataka"
"RJio","Indoor","4G","1","Call Dropped","-1","-1","NA"
"Airtel","Indoor","2G","5","Satisfactory","13.0030436","77.7117899","Karnataka"
"RJio","Outdoor","4G","4","Satisfactory","25.5103","86.94235167","Bihar"
"RJio","Outdoor","4G","4","Satisfactory","25.51334333","86.94772","Bihar"
"RJio","Outdoor","4G","4","Satisfactory","25.51034667","86.9421","Bihar"
"RJio","Outdoor","4G","4","Satisfactory","25.51046","86.94248833","Bihar"
"BSNL","Indoor","3G","1","Poor Voice Quality","29.39389167","79.440105","Uttarakhand"
"RJio","Indoor","4G","5","Satisfactory","15.86957","74.50743833","Karnataka"
"RJio","Outdoor","4G","4","Satisfactory","25.52559333","87.03234167","Bihar"
"RJio","Indoor","4G","5","Satisfactory","15.86957","74.50743833","Karnataka"
"RJio","Indoor","4G","5","Satisfactory","15.86957","74.50743833","Karnataka"
"RJio","Outdoor","4G","4","Satisfactory","25.533815","87.03720167","Bihar"
"VI","Outdoor","3G","4","Satisfactory","25.533815","87.03720167","Bihar"
"VI","Indoor","4G","2","Poor Voice Quality","18.954933","72.8013502","Maharashtra"
"VI","Outdoor","Unknown","4","Satisfactory","25.533815","87.03720167","Bihar"
"RJio","Indoor","4G","5","Satisfactory","15.86957","74.50743833","Karnataka"
"VI","Indoor","4G","3","Satisfactory","-1","-1","NA"
"VI","Indoor","4G","5","Satisfactory","12.9360549","77.60799031","Karnataka"
"VI","Indoor","4G","2","Poor Voice Quality","18.95570618","72.82915965","Maharashtra"
"VI","Outdoor","Unknown","4","Satisfactory","25.51037333","86.94247667","Bihar"
"VI","Outdoor","Unknown","4","Satisfactory","25.51037333","86.94247667","Bihar"
"RJio","Travelling","4G","5","Satisfactory","-1","-1","NA"
"RJio","Travelling","4G","5","Satisfactory","-1","-1","NA"
"VI","Indoor","4G","3","Satisfactory","18.9520321","72.8295168","Maharashtra"
"VI","Indoor","4G","2","Poor Voice Quality","18.9519918","72.8295721","Maharashtra"
"VI","Outdoor","Unknown","4","Satisfactory","25.50823667","86.937295","Bihar"
"Airtel","Indoor","Unknown","5","Satisfactory","13.00401024","77.71276312","Karnataka"
"Airtel","Indoor","Unknown","5","Satisfactory","13.0029066","77.7117407","Karnataka"
"RJio","Indoor","4G","3","Satisfactory","15.86957","74.50743833","Karnataka"
"BSNL","Travelling","3G","2","Poor Voice Quality","-1","-1","NA"
"BSNL","Outdoor","3G","4","Satisfactory","-1","-1","NA"
"VI","Outdoor","Unknown","4","Satisfactory","25.51043667","86.94282667","Bihar"
"Airtel","Indoor","4G","5","Satisfactory","13.0028632","77.7118181","Karnataka"
"RJio","Indoor","4G","3","Satisfactory","21.1135223","79.0615358","Maharashtra"
"RJio","Indoor","4G","4","Satisfactory","21.1135223","79.0615358","Maharashtra"
"RJio","Indoor","4G","4","Satisfactory","-1","-1","NA"
"VI","Indoor","4G","2","Poor Voice Quality","18.95499926","72.80132663","Maharashtra"
"RJio","Indoor","4G","4","Satisfactory","15.87064833","74.50494","Karnataka"
"BSNL","Indoor","Unknown","3","Satisfactory","20.72664805","83.49283193","Odisha"
"BSNL","Indoor","Unknown","1","Poor Voice Quality","20.7264444","83.4928646","Odisha"
"BSNL","Travelling","4G","1","Call Dropped","20.72653505","83.49279681","Odisha"
"Airtel","Indoor","2G","5","Satisfactory","13.002912","77.711729","Karnataka"
"BSNL","Indoor","3G","1","Poor Voice Quality","-1","-1","NA"
"BSNL","Indoor","3G","1","Poor Voice Quality","-1","-1","NA"
"BSNL","Indoor","3G","1","Poor Voice Quality","-1","-1","NA"
"BSNL","Travelling","3G","1","Call Dropped","-1","-1","NA"
"BSNL","Outdoor","3G","1","Poor Voice Quality","-1","-1","NA"
"BSNL","Indoor","3G","1","Poor Voice Quality","-1","-1","NA"
"VI","Indoor","4G","5","Satisfactory","13.03567433","77.59320841","Karnataka"
"VI","Indoor","4G","2","Poor Voice Quality","18.9550009","72.8013293","Maharashtra"
"VI","Indoor","4G","5","Satisfactory","18.4858945","74.01936583","Maharashtra"
"RJio","Indoor","4G","1","Call Dropped","-1","-1","NA"
"RJio","Indoor","4G","2","Poor Voice Quality","-1","-1","NA"
"RJio","Indoor","4G","5","Satisfactory","15.87101333","74.50548167","Karnataka"
"VI","Indoor","2G","5","Satisfactory","18.4790162","74.0266904","Maharashtra"
"RJio","Indoor","4G","1","Poor Voice Quality","-1","-1","NA"
"RJio","Indoor","4G","5","Satisfactory","15.87101333","74.50548167","Karnataka"
"VI","Outdoor","Unknown","1","Call Dropped","-1","-1","NA"
"Airtel","Indoor","Unknown","5","Satisfactory","13.00288729","77.71182791","Karnataka"
"VI","Travelling","Unknown","5","Satisfactory","14.62053194","78.59836011","Andhra Pradesh"
"BSNL","Indoor","3G","1","Poor Voice Quality","29.394675","79.44011167","Uttarakhand"
"VI","Outdoor","Unknown","5","Satisfactory","14.62053194","78.59836011","Andhra Pradesh"
"Airtel","Outdoor","4G","3","Satisfactory","-1","-1","NA"
"VI","Outdoor","4G","5","Satisfactory","-1","-1","NA"
"VI","Indoor","4G","5","Satisfactory","-1","-1","NA"
"RJio","Outdoor","4G","4","Satisfactory","17.404015","78.46146167","Telangana"
"VI","Indoor","4G","2","Poor Voice Quality","18.4790234","74.0267004","Maharashtra"
"Airtel","Indoor","2G","5","Satisfactory","13.0029057","77.7117358","Karnataka"
"Airtel","Indoor","4G","5","Satisfactory","13.00277505","77.71183734","Karnataka"
"Airtel","Indoor","4G","5","Satisfactory","13.00337676","77.70909522","Karnataka"
"RJio","Indoor","4G","1","Call Dropped","-1","-1","NA"
"RJio","Indoor","4G","2","Call Dropped","-1","-1","NA"
"Airtel","Indoor","4G","1","Poor Voice Quality","21.1354606","72.77311232","Gujarat"
"VI","Indoor","4G","5","Satisfactory","18.53010389","73.83965582","Maharashtra"
"VI","Indoor","4G","1","Call Dropped","18.65174462","73.75175635","Maharashtra"
"VI","Outdoor","Unknown","4","Satisfactory","25.51511667","86.94626833","Bihar"
"VI","Outdoor","Unknown","4","Satisfactory","25.51036333","86.94248167","Bihar"
"VI","Outdoor","4G","5","Satisfactory","13.03588072","77.5931973","Karnataka"
"RJio","Travelling","4G","5","Satisfactory","-1","-1","NA"
"RJio","Travelling","4G","5","Satisfactory","-1","-1","NA"
"RJio","Travelling","4G","3","Satisfactory","-1","-1","NA"
"VI","Outdoor","Unknown","5","Satisfactory","13.0767265","80.20145562","Tamil Nadu"
"Airtel","Indoor","4G","5","Satisfactory","13.0029109","77.7117344","Karnataka"
"VI","Outdoor","Unknown","5","Satisfactory","13.07585298","80.26255935","Tamil Nadu"
"BSNL","Indoor","3G","3","Poor Voice Quality","-1","-1","NA"
"BSNL","Indoor","3G","3","Satisfactory","-1","-1","NA"
"BSNL","Indoor","3G","1","Poor Voice Quality","29.3930247","79.4411183","Uttarakhand"
"VI","Travelling","4G","5","Satisfactory","18.4843699","74.0254191","Maharashtra"
"VI","Outdoor","4G","5","Satisfactory","18.484338","74.0253937","Maharashtra"
"VI","Outdoor","4G","5","Satisfactory","18.48005039","74.03041293","Maharashtra"
"RJio","Indoor","4G","5","Satisfactory","-1","-1","NA"
"VI","Indoor","4G","5","Satisfactory","18.4790293","74.0266827","Maharashtra"
"VI","Indoor","4G","1","Poor Voice Quality","-1","-1","NA"
"VI","Outdoor","4G","1","Poor Voice Quality","-1","-1","NA"
"RJio","Indoor","4G","5","Satisfactory","-1","-1","NA"
"RJio","Travelling","4G","5","Satisfactory","-1","-1","NA"
"RJio","Travelling","4G","5","Satisfactory","-1","-1","NA"
"Airtel","Indoor","4G","4","Satisfactory","13.0029152","77.7117509","Karnataka"
"Airtel","Indoor","Unknown","5","Satisfactory","13.0029177","77.7117155","Karnataka"
"Airtel","Indoor","4G","5","Satisfactory","13.0029085","77.7117437","Karnataka"
"Airtel","Indoor","2G","5","Satisfactory","13.0029085","77.7117437","Karnataka"
"Airtel","Travelling","4G","5","Satisfactory","13.0029085","77.7117437","Karnataka"
"RJio","Indoor","4G","3","Call Dropped","-1","-1","NA"
"RJio","Indoor","4G","1","Call Dropped","-1","-1","NA"
"RJio","Indoor","4G","1","Poor Voice Quality","28.74375228","77.07641093","Delhi"
"RJio","Indoor","4G","1","Poor Voice Quality","28.74375228","77.07641093","Delhi"
"Airtel","Indoor","4G","5","Satisfactory","13.002909","77.7117352","Karnataka"
"VI","Outdoor","Unknown","4","Satisfactory","-1","-1","NA"
"VI","Outdoor","Unknown","4","Satisfactory","25.51024","86.94241333","Bihar"
"VI","Outdoor","4G","5","Satisfactory","21.12925019","79.05915265","Maharashtra"
"Airtel","Indoor","2G","5","Satisfactory","12.9360685","77.6946731","Karnataka"
"RJio","Indoor","4G","5","Satisfactory","-1","-1","NA"
"VI","Indoor","3G","1","Call Dropped","-1","-1","NA"
"RJio","Indoor","4G","1","Poor Voice Quality","21.1286027","72.8402856","Gujarat"
"RJio","Outdoor","4G","3","Satisfactory","17.49624","78.30877667","Telangana"
"RJio","Indoor","4G","4","Satisfactory","17.46394333","78.41937833","Telangana"
"VI","Indoor","4G","3","Satisfactory","18.9550012","72.8013302","Maharashtra"
"RJio","Indoor","4G","1","Call Dropped","21.1286564","72.8373314","Gujarat"
"BSNL","Outdoor","3G","1","Poor Voice Quality","-1","-1","NA"
"BSNL","Indoor","2G","1","Poor Voice Quality","18.5073164","73.7987119","Maharashtra"
"Airtel","Indoor","Unknown","5","Satisfactory","12.9360576","77.6946704","Karnataka"
"Airtel","Indoor","4G","5","Satisfactory","12.94981726","77.69919579","Karnataka"
"Airtel","Indoor","4G","5","Satisfactory","12.93710058","77.69526818","Karnataka"
"Airtel","Indoor","4G","5","Satisfactory","12.9357724","77.6945261","Karnataka"
"Airtel","Indoor","4G","1","Poor Voice Quality","-1","-1","NA"
"Airtel","Indoor","4G","1","Poor Voice Quality","-1","-1","NA"
"VI","Indoor","4G","3","Satisfactory","-1","-1","NA"
"BSNL","Indoor","2G","3","Satisfactory","22.6550625","88.8681186","West Bengal"
"VI","Travelling","Unknown","4","Satisfactory","25.51044667","86.94024","Bihar"
"RJio","Indoor","4G","5","Satisfactory","17.46394333","78.41937833","Telangana"
"Airtel","Indoor","4G","5","Satisfactory","12.9360554","77.6946707","Karnataka"
"Airtel","Indoor","2G","5","Satisfactory","12.9360766","77.6946674","Karnataka"
"RJio","Outdoor","4G","4","Satisfactory","17.46394333","78.41937833","Telangana"
"RJio","Indoor","4G","4","Satisfactory","-1","-1","NA"
"BSNL","Indoor","Unknown","4","Satisfactory","-1","-1","NA"
"Airtel","Indoor","4G","1","Call Dropped","21.18111852","72.80251934","Gujarat"
"RJio","Indoor","4G","5","Satisfactory","15.85909833","74.57388","Karnataka"
"BSNL","Indoor","Unknown","1","Poor Voice Quality","-1","-1","NA"
"RJio","Outdoor","4G","5","Satisfactory","15.85909833","74.57388","Karnataka"
"Airtel","Indoor","Unknown","5","Satisfactory","12.95109122","77.69981841","Karnataka"
"RJio","Outdoor","4G","5","Satisfactory","-1","-1","NA"
"RJio","Travelling","4G","5","Satisfactory","-1","-1","NA"
"RJio","Outdoor","4G","5","Satisfactory","-1","-1","NA"
"Airtel","Indoor","4G","5","Satisfactory","12.95109122","77.69981841","Karnataka"
"BSNL","Indoor","3G","1","Poor Voice Quality","29.39365","79.44009333","Uttarakhand"
"BSNL","Indoor","3G","1","Poor Voice Quality","29.39365","79.44009333","Uttarakhand"
"BSNL","Indoor","3G","1","Poor Voice Quality","29.39365","79.44009333","Uttarakhand"
"BSNL","Indoor","3G","1","Poor Voice Quality","29.39365","79.44009333","Uttarakhand"
"VI","Indoor","4G","5","Satisfactory","23.34962568","85.31936631","Jharkhand"
"RJio","Indoor","4G","4","Satisfactory","15.8707779","74.5052651","Karnataka"
"RJio","Indoor","4G","4","Satisfactory","15.86785","74.50915","Karnataka"
"VI","Outdoor","4G","2","Poor Voice Quality","21.13036814","79.06803806","Maharashtra"
"VI","Indoor","4G","3","Poor Voice Quality","21.12308129","79.06783304","Maharashtra"
"BSNL","Indoor","3G","4","Satisfactory","-1","-1","NA"
"BSNL","Outdoor","Unknown","4","Satisfactory","-1","-1","NA"
"BSNL","Indoor","3G","1","Poor Voice Quality","-1","-1","NA"
"Airtel","Travelling","4G","1","Call Dropped","18.4520816","73.8514829","Maharashtra"
"VI","Indoor","Unknown","1","Call Dropped","-1","-1","NA"
"VI","Indoor","Unknown","1","Call Dropped","-1","-1","NA"
"VI","Indoor","3G","1","Call Dropped","-1","-1","NA"
"VI","Indoor","4G","5","Satisfactory","13.03578731","77.59308933","Karnataka"
"VI","Outdoor","4G","1","Poor Voice Quality","21.12317604","79.06852789","Maharashtra"
"RJio","Indoor","4G","4","Satisfactory","-1","-1","NA"
"RJio","Indoor","4G","4","Satisfactory","12.928895","77.53764333","Karnataka"
"RJio","Indoor","4G","4","Satisfactory","-1","-1","NA"
"VI","Outdoor","4G","1","Poor Voice Quality","-1","-1","NA"
"VI","Outdoor","4G","1","Poor Voice Quality","-1","-1","NA"
"VI","Indoor","Unknown","1","Call Dropped","-1","-1","NA"
"BSNL","Indoor","3G","4","Satisfactory","22.6554483","88.3595535","West Bengal"
"RJio","Indoor","4G","4","Satisfactory","15.87082","74.5053016","Karnataka"
"VI","Outdoor","Unknown","4","Satisfactory","25.51023333","86.94261333","Bihar"
"Airtel","Indoor","2G","5","Satisfactory","12.9361579","77.6946749","Karnataka"
"Airtel","Indoor","Unknown","5","Satisfactory","12.9361543","77.6946791","Karnataka"
"RJio","Indoor","4G","4","Satisfactory","-1","-1","NA"
"RJio","Indoor","4G","4","Satisfactory","-1","-1","NA"
"VI","Indoor","4G","1","Poor Voice Quality","12.9377228","77.6031146","Karnataka"
"VI","Indoor","4G","1","Call Dropped","-1","-1","NA"
"VI","Indoor","4G","1","Call Dropped","-1","-1","NA"
"VI","Indoor","4G","1","Call Dropped","-1","-1","NA"
"VI","Indoor","4G","1","Call Dropped","-1","-1","NA"
"VI","Indoor","4G","1","Call Dropped","-1","-1","NA"
"RJio","Outdoor","4G","1","Call Dropped","-1","-1","NA"
"BSNL","Outdoor","4G","2","Poor Voice Quality","10.561326","72.6440477","Laccadives"
"RJio","Outdoor","4G","1","Call Dropped","-1","-1","NA"
"RJio","Indoor","4G","1","Call Dropped","-1","-1","NA"
"RJio","Indoor","4G","1","Call Dropped","-1","-1","NA"
"RJio","Indoor","4G","5","Satisfactory","-1","-1","NA"
"RJio","Outdoor","4G","1","Poor Voice Quality","-1","-1","NA"
"RJio","Outdoor","4G","5","Satisfactory","-1","-1","NA"
"RJio","Outdoor","4G","4","Satisfactory","-1","-1","NA"
"VI","Outdoor","Unknown","4","Satisfactory","25.51004833","86.94196","Bihar"
"VI","Indoor","4G","5","Satisfactory","12.96231366","77.62847355","Karnataka"
"Airtel","Indoor","2G","5","Satisfactory","12.98237897","77.70652164","Karnataka"
"Airtel","Indoor","2G","5","Satisfactory","12.936103","77.6946714","Karnataka"
"RJio","Outdoor","4G","1","Call Dropped","-1","-1","NA"
"RJio","Outdoor","4G","4","Satisfactory","-1","-1","NA"
"RJio","Indoor","4G","4","Satisfactory","-1","-1","NA"
"Airtel","Indoor","4G","1","Call Dropped","21.137207","72.77734117","Gujarat"
"RJio","Indoor","4G","5","Satisfactory","-1","-1","NA"
"RJio","Indoor","4G","4","Satisfactory","-1","-1","NA"
"VI","Outdoor","Unknown","4","Satisfactory","-1","-1","NA"
"VI","Outdoor","4G","1","Call Dropped","-1","-1","NA"
"VI","Outdoor","4G","1","Call Dropped","-1","-1","NA"
"VI","Outdoor","4G","1","Poor Voice Quality","-1","-1","NA"
"VI","Outdoor","4G","1","Call Dropped","-1","-1","NA"
"VI","Outdoor","4G","1","Poor Voice Quality","-1","-1","NA"
"VI","Outdoor","4G","1","Call Dropped","-1","-1","NA"
"VI","Outdoor","4G","1","Call Dropped","-1","-1","NA"
"VI","Outdoor","4G","1","Poor Voice Quality","-1","-1","NA"
"VI","Outdoor","4G","1","Call Dropped","-1","-1","NA"
"VI","Outdoor","4G","1","Call Dropped","-1","-1","NA"
"VI","Outdoor","4G","1","Call Dropped","-1","-1","NA"
"VI","Outdoor","4G","1","Poor Voice Quality","-1","-1","NA"
"VI","Outdoor","4G","1","Call Dropped","-1","-1","NA"
"VI","Outdoor","4G","1","Call Dropped","-1","-1","NA"
"VI","Outdoor","4G","1","Call Dropped","-1","-1","NA"
"VI","Indoor","4G","1","Poor Voice Quality","-1","-1","NA"
"VI","Indoor","4G","1","Poor Voice Quality","-1","-1","NA"
"VI","Travelling","2G","1","Poor Voice Quality","-1","-1","NA"
"RJio","Indoor","4G","5","Satisfactory","-1","-1","NA"
"RJio","Outdoor","4G","4","Satisfactory","-1","-1","NA"
"RJio","Indoor","4G","4","Satisfactory","-1","-1","NA"
"VI","Outdoor","4G","1","Poor Voice Quality","-1","-1","NA"
"VI","Travelling","4G","1","Call Dropped","-1","-1","NA"
"VI","Indoor","4G","1","Poor Voice Quality","-1","-1","NA"
"BSNL","Outdoor","2G","1","Poor Voice Quality","29.39382","79.440865","Uttarakhand"
